{"cameraMode":{"drawMode":0,"name":"Shaded","section":"Shading Mode"},"sceneLighting":false,"audioPlay":false,"sceneViewState":{"showFog":true,"showMaterialUpdate":false,"showSkybox":false,"showFlares":true,"showImageEffects":true,"showParticleSystems":true},"in2DMode":false,"pivot":{"x":0.021630750969052316,"y":0.11314791440963745,"z":0.09980505704879761},"rotation":{"x":0.27531006932258608,"y":-0.024511566385626794,"z":0.0070304423570632938,"w":0.9610328674316406},"size":0.24494898319244386,"orthographic":false}