{"cameraMode":{"drawMode":0,"name":"Shaded","section":"Shading Mode"},"sceneLighting":true,"audioPlay":false,"sceneViewState":{"showFog":true,"showMaterialUpdate":false,"showSkybox":true,"showFlares":true,"showImageEffects":true,"showParticleSystems":true},"in2DMode":false,"pivot":{"x":-10.70718765258789,"y":-10.101646423339844,"z":1.8407177925109864},"rotation":{"x":-0.32105115056037905,"y":0.5400523543357849,"z":-0.2336360663175583,"w":-0.7420974373817444},"size":17.67584228515625,"orthographic":false}